{"stats":{"minecraft:mined":{"minecraft:brown_mushroom":4,"minecraft:mossy_cobblestone":2,"minecraft:kelp_plant":12,"minecraft:crafting_table":9,"gravestone:gravestone":5,"minecraft:torch":3,"minecraft:grass_block":10,"minecraft:cobblestone":28,"minecraft:tall_grass":4,"travelersbackpack:white_sleeping_bag":6,"minecraft:lapis_ore":1,"minecraft:oak_planks":1,"minecraft:diorite":2,"minecraft:wall_torch":2,"minecraft:seagrass":1,"minecraft:birch_planks":19,"minecraft:tall_seagrass":1,"minecraft:furnace":2,"minecraft:birch_log":6,"minecraft:grass":42,"minecraft:coal_ore":8,"minecraft:oak_log":27,"minecraft:dirt":43,"minecraft:stone":35,"minecraft:oak_leaves":3,"minecraft:fern":6},"minecraft:custom":{"minecraft:interact_with_furnace":31,"minecraft:mob_kills":23,"minecraft:interact_with_crafting_table":20,"minecraft:open_barrel":8,"minecraft:interact_with_campfire":7,"minecraft:damage_dealt_resisted":1595,"minecraft:leave_game":3,"minecraft:time_since_death":24690,"minecraft:sleep_in_bed":4,"minecraft:climb_one_cm":293,"minecraft:time_since_rest":16623,"minecraft:sprint_one_cm":122958,"minecraft:damage_taken":1895,"minecraft:walk_one_cm":205231,"minecraft:drop":17,"minecraft:damage_dealt":4435,"minecraft:swim_one_cm":76027,"minecraft:fly_one_cm":146470,"minecraft:open_chest":5,"minecraft:crouch_one_cm":9673,"minecraft:play_time":119393,"tombstone:undead_killed":8,"minecraft:deaths":5,"minecraft:sneak_time":7094,"minecraft:walk_under_water_one_cm":22559,"minecraft:boat_one_cm":78975,"minecraft:jump":927,"minecraft:walk_on_water_one_cm":34835,"minecraft:total_world_time":119393,"minecraft:fall_one_cm":14171},"minecraft:crafted":{"minecraft:wooden_sword":1,"minecraft:oak_planks":48,"alexsmobs:cooked_lobster_tail":1,"minecraft:crafting_table":1,"minecraft:dried_kelp":59,"minecraft:wooden_pickaxe":1,"minecraft:birch_boat":1,"minecraft:furnace":1,"minecraft:birch_planks":24,"minecraft:stone_axe":1,"vtaw_mw:stone_katana":1,"minecraft:cooked_mutton":4,"travelersbackpack:white_sleeping_bag":1,"minecraft:iron_chestplate":1,"minecraft:shield":1,"minecraft:stick":28,"born_in_chaos_v1:fried_maggot":5,"minecraft:stone_pickaxe":1,"minecraft:wooden_axe":1,"vtaw_mw:stone_greatsword":1,"minecraft:stone_sword":2,"minecraft:torch":12},"minecraft:killed":{"arphex:spider_larvae_tiny":1,"minecraft:pig":3,"graveyard:ghoul":1,"born_in_chaos_v1:zombie_lumberjack":1,"born_in_chaos_v1:door_knight_not_despawn":1,"born_in_chaos_v1:baby_skeleton_minion":1,"minecraft:sheep":3,"minecraft:zombie":3,"born_in_chaos_v1:corpse_fly":5,"minecraft:drowned":1,"endofherobrine:sheep":3},"minecraft:broken":{"minecraft:wooden_sword":1,"minecraft:stone_sword":1},"minecraft:picked_up":{"minecraft:birch_log":48,"born_in_chaos_v1:corpse_maggot":5,"minecraft:crafting_table":10,"minecraft:brown_mushroom":10,"minecraft:birch_planks":18,"minecraft:oak_log":61,"minecraft:dirt":62,"minecraft:bone":3,"minecraft:apple":1,"graveyard:corruption":1,"minecraft:kelp":63,"minecraft:wheat_seeds":4,"dynamictrees:birch_seed":41,"minecraft:iron_ingot":1,"minecraft:rose_bush":2,"dynamictrees:oak_seed":17,"minecraft:oak_planks":1,"vtaw_mw:stone_greataxe":3,"minecraft:iron_boots":1,"minecraft:furnace":2,"minecraft:stick":143,"minecraft:cooked_porkchop":7,"minecraft:torch":6,"minecraft:porkchop":7,"tombstone:grave_dust":1,"minecraft:diorite":2,"minecraft:dark_oak_log":2,"travelersbackpack:white_sleeping_bag":6,"minecraft:rotten_flesh":7,"minecraft:stone_axe":1,"minecraft:oak_sapling":3,"alexsmobs:flying_fish":3,"minecraft:mutton":4,"alexsmobs:lobster_tail":1,"minecraft:coal":9,"minecraft:white_wool":3,"minecraft:cobblestone":63},"minecraft:dropped":{"minecraft:stone_axe":1,"born_in_chaos_v1:fried_maggot":2,"minecraft:crafting_table":1,"minecraft:rotten_flesh":7,"minecraft:cooked_mutton":2,"minecraft:diorite":2,"minecraft:torch":1,"minecraft:oak_sapling":2,"minecraft:wooden_pickaxe":1,"vtaw_mw:stone_greataxe":2,"minecraft:bone":3},"minecraft:used":{"minecraft:cooked_mutton":2,"vtaw_mw:stone_katana":1,"minecraft:stone_sword":133,"minecraft:birch_planks":19,"minecraft:stone_pickaxe":64,"minecraft:dried_kelp":50,"minecraft:oak_planks":2,"minecraft:birch_boat":1,"minecraft:wooden_pickaxe":16,"born_in_chaos_v1:fried_maggot":3,"minecraft:iron_chestplate":1,"minecraft:torch":12,"minecraft:dirt":50,"minecraft:crafting_table":9,"minecraft:oak_log":9,"minecraft:wooden_axe":37,"minecraft:apple":1,"vtaw_mw:stone_greatsword":15,"alexsmobs:cooked_lobster_tail":1,"travelersbackpack:white_sleeping_bag":6,"minecraft:stone_axe":76,"minecraft:wooden_sword":61,"minecraft:cobblestone":29,"vtaw_mw:stone_greataxe":94,"minecraft:furnace":3,"tombstone:gift":1}},"DataVersion":3465}