{"stats":{"minecraft:mined":{"undead_revamp2:arapholia":1,"minecraft:mossy_cobblestone":2,"gravestone:gravestone":8,"minecraft:grass_block":28,"travelersbackpack:white_sleeping_bag":7,"steam_powered:tin_ore":42,"steam_powered:zinc_ore":18,"minecraft:tall_seagrass":1,"minecraft:furnace":2,"minecraft:bamboo":1,"minecraft:stone":137,"minecraft:brown_mushroom":4,"minecraft:kelp_plant":12,"minecraft:crafting_table":12,"minecraft:torch":3,"minecraft:tall_grass":9,"minecraft:cobblestone":28,"minecraft:lapis_ore":1,"minecraft:oak_planks":1,"minecraft:diorite":2,"minecraft:wall_torch":2,"minecraft:pink_petals":1,"minecraft:seagrass":1,"minecraft:birch_planks":19,"minecraft:birch_log":6,"minecraft:grass":58,"minecraft:oak_log":27,"minecraft:coal_ore":28,"minecraft:dirt":100,"minecraft:cobweb":2,"minecraft:oak_leaves":3,"minecraft:fern":6},"minecraft:dropped":{"minecraft:wheat_seeds":2,"born_in_chaos_v1:fried_maggot":2,"minecraft:crafting_table":1,"minecraft:cobblestone":1,"minecraft:diorite":2,"minecraft:torch":1,"vtaw_mw:stone_greataxe":3,"minecraft:white_wool":1,"minecraft:bone":3,"minecraft:stone_axe":1,"undead_revamp2:arapholia":3,"minecraft:rotten_flesh":7,"minecraft:cooked_mutton":2,"minecraft:oak_sapling":2,"minecraft:wooden_pickaxe":1},"minecraft:used":{"vtaw_mw:stone_katana":51,"minecraft:stone_sword":133,"minecraft:stone_shovel":43,"minecraft:dried_kelp":56,"minecraft:chest":1,"minecraft:shield":50,"born_in_chaos_v1:fried_maggot":3,"minecraft:iron_chestplate":1,"minecraft:torch":17,"minecraft:dirt":82,"minecraft:wooden_axe":37,"vtaw_mw:stone_greatsword":15,"alexsmobs:cooked_lobster_tail":1,"minecraft:furnace":3,"tombstone:gift":1,"minecraft:cooked_mutton":2,"minecraft:birch_planks":19,"minecraft:stone_pickaxe":246,"minecraft:oak_planks":4,"minecraft:wooden_pickaxe":16,"minecraft:birch_boat":1,"minecraft:crafting_table":12,"minecraft:oak_log":9,"minecraft:apple":1,"travelersbackpack:white_sleeping_bag":7,"minecraft:stone_axe":83,"minecraft:wooden_sword":61,"minecraft:cobblestone":31,"vtaw_mw:stone_greataxe":141,"minecraft:cooked_porkchop":1},"minecraft:broken":{"minecraft:stone_sword":1,"minecraft:stone_pickaxe":1,"minecraft:wooden_sword":1},"minecraft:killed":{"born_in_chaos_v1:zombie_lumberjack":1,"born_in_chaos_v1:door_knight_not_despawn":1,"alexsmobs:raccoon":1,"born_in_chaos_v1:baby_skeleton_minion":1,"minecraft:drowned":1,"arphex:spider_larvae_tiny":1,"minecraft:pig":4,"graveyard:ghoul":1,"minecraft:sheep":4,"minecraft:pillager":8,"minecraft:zombie":4,"born_in_chaos_v1:corpse_fly":5,"endofherobrine:sheep":7},"minecraft:custom":{"minecraft:mob_kills":42,"minecraft:interact_with_crafting_table":27,"minecraft:open_barrel":8,"minecraft:interact_with_campfire":8,"minecraft:damage_dealt_resisted":1626,"minecraft:leave_game":13,"minecraft:time_since_death":24762,"minecraft:climb_one_cm":392,"minecraft:sprint_one_cm":154981,"minecraft:walk_one_cm":358868,"minecraft:damage_blocked_by_shield":1145,"minecraft:drop":25,"minecraft:damage_dealt_absorbed":13,"minecraft:play_time":206090,"minecraft:deaths":10,"minecraft:sneak_time":16655,"minecraft:walk_under_water_one_cm":75792,"minecraft:boat_one_cm":78975,"minecraft:jump":1673,"minecraft:walk_on_water_one_cm":112674,"minecraft:total_world_time":206090,"minecraft:interact_with_furnace":31,"tombstone:raider_killed":8,"minecraft:sleep_in_bed":4,"minecraft:time_since_rest":24655,"minecraft:damage_taken":3502,"minecraft:damage_dealt":7794,"minecraft:swim_one_cm":192136,"minecraft:fly_one_cm":184516,"minecraft:open_chest":10,"minecraft:crouch_one_cm":13620,"tombstone:undead_killed":9,"minecraft:fall_one_cm":24992},"minecraft:crafted":{"minecraft:wooden_sword":1,"minecraft:oak_planks":48,"minecraft:stone_shovel":1,"minecraft:birch_boat":1,"minecraft:furnace":1,"minecraft:cooked_mutton":4,"travelersbackpack:white_sleeping_bag":1,"born_in_chaos_v1:fried_maggot":5,"minecraft:stone_pickaxe":2,"minecraft:chest":1,"alexsmobs:cooked_lobster_tail":1,"minecraft:crafting_table":1,"minecraft:dried_kelp":59,"minecraft:wooden_pickaxe":1,"minecraft:birch_planks":24,"minecraft:stone_axe":1,"vtaw_mw:stone_katana":1,"minecraft:iron_chestplate":1,"minecraft:shield":1,"minecraft:stick":28,"minecraft:wooden_axe":1,"minecraft:stone_sword":2,"vtaw_mw:stone_greatsword":1,"minecraft:torch":72},"minecraft:picked_up":{"minecraft:crafting_table":13,"minecraft:brown_mushroom":10,"minecraft:string":2,"graveyard:corruption":1,"steam_powered:raw_zinc":18,"minecraft:rose_bush":2,"dynamictrees:oak_seed":17,"vtaw_mw:stone_greataxe":4,"minecraft:iron_boots":1,"minecraft:furnace":2,"minecraft:stick":143,"minecraft:torch":8,"minecraft:porkchop":8,"tombstone:grave_dust":1,"minecraft:diorite":2,"minecraft:rotten_flesh":7,"minecraft:mutton":4,"minecraft:white_wool":4,"undead_revamp2:arapholia":3,"alexsmobs:lobster_tail":1,"alexsmobs:flying_fish":3,"minecraft:cobblestone":161,"minecraft:birch_log":48,"born_in_chaos_v1:corpse_maggot":5,"minecraft:birch_planks":18,"minecraft:oak_log":61,"minecraft:dirt":137,"minecraft:bone":3,"minecraft:apple":8,"minecraft:kelp":63,"minecraft:wheat_seeds":6,"minecraft:iron_ingot":1,"dynamictrees:birch_seed":41,"minecraft:oak_planks":11,"minecraft:cooked_porkchop":8,"minecraft:dark_oak_log":2,"travelersbackpack:white_sleeping_bag":8,"minecraft:stone_axe":1,"minecraft:chainmail_leggings":1,"steam_powered:raw_tin":42,"knightquest:small_essence":1,"minecraft:oak_sapling":3,"minecraft:coal":29}},"DataVersion":3465}