{"stats":{"minecraft:mined":{"undead_revamp2:arapholia":1,"minecraft:brown_mushroom":4,"minecraft:mossy_cobblestone":2,"minecraft:kelp_plant":12,"minecraft:crafting_table":9,"gravestone:gravestone":6,"minecraft:torch":3,"minecraft:grass_block":24,"minecraft:cobblestone":28,"minecraft:tall_grass":9,"travelersbackpack:white_sleeping_bag":7,"minecraft:lapis_ore":1,"minecraft:oak_planks":1,"minecraft:diorite":2,"minecraft:wall_torch":2,"minecraft:pink_petals":1,"minecraft:seagrass":1,"minecraft:tall_seagrass":1,"minecraft:birch_planks":19,"minecraft:furnace":2,"minecraft:birch_log":6,"minecraft:grass":51,"minecraft:coal_ore":8,"minecraft:oak_log":27,"minecraft:dirt":56,"minecraft:cobweb":2,"minecraft:bamboo":1,"minecraft:stone":36,"minecraft:oak_leaves":3,"minecraft:fern":6},"minecraft:dropped":{"minecraft:stone_axe":1,"minecraft:wheat_seeds":2,"born_in_chaos_v1:fried_maggot":2,"minecraft:crafting_table":1,"undead_revamp2:arapholia":3,"minecraft:cobblestone":1,"minecraft:rotten_flesh":7,"minecraft:cooked_mutton":2,"minecraft:diorite":2,"minecraft:torch":1,"minecraft:oak_sapling":2,"minecraft:wooden_pickaxe":1,"vtaw_mw:stone_greataxe":2,"minecraft:bone":3},"minecraft:used":{"minecraft:cooked_mutton":2,"vtaw_mw:stone_katana":24,"minecraft:stone_sword":133,"minecraft:birch_planks":19,"minecraft:dried_kelp":56,"minecraft:stone_pickaxe":65,"minecraft:oak_planks":4,"minecraft:shield":50,"minecraft:birch_boat":1,"minecraft:wooden_pickaxe":16,"born_in_chaos_v1:fried_maggot":3,"minecraft:iron_chestplate":1,"minecraft:torch":15,"minecraft:dirt":54,"minecraft:crafting_table":9,"minecraft:oak_log":9,"minecraft:wooden_axe":37,"minecraft:apple":1,"vtaw_mw:stone_greatsword":15,"alexsmobs:cooked_lobster_tail":1,"travelersbackpack:white_sleeping_bag":7,"minecraft:stone_axe":80,"minecraft:wooden_sword":61,"minecraft:cobblestone":29,"vtaw_mw:stone_greataxe":141,"minecraft:furnace":3,"tombstone:gift":1},"minecraft:broken":{"minecraft:wooden_sword":1,"minecraft:stone_sword":1},"minecraft:killed":{"arphex:spider_larvae_tiny":1,"minecraft:pig":3,"graveyard:ghoul":1,"born_in_chaos_v1:zombie_lumberjack":1,"born_in_chaos_v1:door_knight_not_despawn":1,"alexsmobs:raccoon":1,"born_in_chaos_v1:baby_skeleton_minion":1,"minecraft:sheep":3,"minecraft:pillager":8,"minecraft:zombie":3,"born_in_chaos_v1:corpse_fly":5,"minecraft:drowned":1,"endofherobrine:sheep":3},"minecraft:crafted":{"minecraft:wooden_sword":1,"minecraft:oak_planks":48,"alexsmobs:cooked_lobster_tail":1,"minecraft:crafting_table":1,"minecraft:dried_kelp":59,"minecraft:wooden_pickaxe":1,"minecraft:birch_boat":1,"minecraft:furnace":1,"minecraft:birch_planks":24,"minecraft:stone_axe":1,"vtaw_mw:stone_katana":1,"minecraft:cooked_mutton":4,"travelersbackpack:white_sleeping_bag":1,"minecraft:iron_chestplate":1,"minecraft:shield":1,"minecraft:stick":28,"born_in_chaos_v1:fried_maggot":5,"minecraft:stone_pickaxe":1,"minecraft:wooden_axe":1,"vtaw_mw:stone_greatsword":1,"minecraft:stone_sword":2,"minecraft:torch":12},"minecraft:custom":{"minecraft:interact_with_furnace":31,"minecraft:mob_kills":35,"tombstone:raider_killed":8,"minecraft:interact_with_crafting_table":20,"minecraft:open_barrel":8,"minecraft:interact_with_campfire":7,"minecraft:damage_dealt_resisted":1595,"minecraft:leave_game":12,"minecraft:time_since_death":410,"minecraft:sleep_in_bed":4,"minecraft:climb_one_cm":392,"minecraft:time_since_rest":1,"minecraft:sprint_one_cm":133196,"minecraft:damage_taken":2747,"minecraft:walk_one_cm":319526,"minecraft:damage_blocked_by_shield":1145,"minecraft:drop":23,"minecraft:damage_dealt":6982,"minecraft:damage_dealt_absorbed":13,"minecraft:swim_one_cm":76624,"minecraft:fly_one_cm":157495,"minecraft:open_chest":5,"minecraft:crouch_one_cm":9914,"minecraft:play_time":167224,"tombstone:undead_killed":8,"minecraft:deaths":8,"minecraft:sneak_time":9925,"minecraft:walk_under_water_one_cm":42499,"minecraft:boat_one_cm":78975,"minecraft:jump":1344,"minecraft:walk_on_water_one_cm":84649,"minecraft:total_world_time":167224,"minecraft:fall_one_cm":20399},"minecraft:picked_up":{"minecraft:birch_log":48,"born_in_chaos_v1:corpse_maggot":5,"minecraft:crafting_table":10,"minecraft:brown_mushroom":10,"minecraft:birch_planks":18,"minecraft:oak_log":61,"minecraft:dirt":89,"minecraft:string":2,"minecraft:bone":3,"minecraft:apple":8,"graveyard:corruption":1,"minecraft:kelp":63,"minecraft:wheat_seeds":6,"dynamictrees:birch_seed":41,"minecraft:iron_ingot":1,"minecraft:rose_bush":2,"dynamictrees:oak_seed":17,"vtaw_mw:stone_greataxe":4,"minecraft:oak_planks":1,"minecraft:iron_boots":1,"minecraft:furnace":2,"minecraft:stick":143,"minecraft:cooked_porkchop":7,"minecraft:torch":8,"minecraft:porkchop":7,"tombstone:grave_dust":1,"minecraft:diorite":2,"minecraft:dark_oak_log":2,"travelersbackpack:white_sleeping_bag":7,"minecraft:rotten_flesh":7,"minecraft:stone_axe":1,"minecraft:chainmail_leggings":1,"knightquest:small_essence":1,"minecraft:oak_sapling":3,"alexsmobs:flying_fish":3,"alexsmobs:lobster_tail":1,"minecraft:mutton":4,"undead_revamp2:arapholia":3,"minecraft:coal":9,"minecraft:white_wool":3,"minecraft:cobblestone":64}},"DataVersion":3465}