{"stats":{"minecraft:mined":{"undead_revamp2:arapholia":1,"minecraft:brown_mushroom":4,"minecraft:mossy_cobblestone":2,"minecraft:kelp_plant":12,"minecraft:crafting_table":9,"gravestone:gravestone":8,"minecraft:torch":3,"minecraft:grass_block":28,"minecraft:cobblestone":28,"minecraft:tall_grass":9,"travelersbackpack:white_sleeping_bag":7,"minecraft:lapis_ore":1,"minecraft:oak_planks":1,"minecraft:diorite":2,"minecraft:wall_torch":2,"minecraft:pink_petals":1,"minecraft:seagrass":1,"minecraft:tall_seagrass":1,"minecraft:birch_planks":19,"minecraft:furnace":2,"minecraft:birch_log":6,"minecraft:grass":58,"minecraft:coal_ore":8,"minecraft:oak_log":27,"minecraft:dirt":100,"minecraft:cobweb":2,"minecraft:bamboo":1,"minecraft:stone":51,"minecraft:oak_leaves":3,"minecraft:fern":6},"minecraft:dropped":{"minecraft:stone_axe":1,"minecraft:wheat_seeds":2,"born_in_chaos_v1:fried_maggot":2,"minecraft:crafting_table":1,"undead_revamp2:arapholia":3,"minecraft:rotten_flesh":7,"minecraft:cobblestone":1,"minecraft:cooked_mutton":2,"minecraft:diorite":2,"minecraft:torch":1,"minecraft:oak_sapling":2,"minecraft:wooden_pickaxe":1,"vtaw_mw:stone_greataxe":3,"minecraft:white_wool":1,"minecraft:bone":3},"minecraft:used":{"minecraft:cooked_mutton":2,"vtaw_mw:stone_katana":51,"minecraft:stone_sword":133,"minecraft:stone_shovel":43,"minecraft:birch_planks":19,"minecraft:dried_kelp":56,"minecraft:stone_pickaxe":80,"minecraft:oak_planks":4,"minecraft:shield":50,"minecraft:birch_boat":1,"minecraft:wooden_pickaxe":16,"born_in_chaos_v1:fried_maggot":3,"minecraft:iron_chestplate":1,"minecraft:torch":15,"minecraft:dirt":82,"minecraft:crafting_table":9,"minecraft:oak_log":9,"minecraft:wooden_axe":37,"minecraft:apple":1,"vtaw_mw:stone_greatsword":15,"alexsmobs:cooked_lobster_tail":1,"travelersbackpack:white_sleeping_bag":7,"minecraft:stone_axe":80,"minecraft:wooden_sword":61,"minecraft:cobblestone":29,"vtaw_mw:stone_greataxe":141,"minecraft:furnace":3,"minecraft:cooked_porkchop":1,"tombstone:gift":1},"minecraft:broken":{"minecraft:wooden_sword":1,"minecraft:stone_sword":1},"minecraft:killed":{"arphex:spider_larvae_tiny":1,"minecraft:pig":4,"graveyard:ghoul":1,"born_in_chaos_v1:zombie_lumberjack":1,"born_in_chaos_v1:door_knight_not_despawn":1,"alexsmobs:raccoon":1,"born_in_chaos_v1:baby_skeleton_minion":1,"minecraft:sheep":4,"minecraft:pillager":8,"minecraft:zombie":4,"born_in_chaos_v1:corpse_fly":5,"minecraft:drowned":1,"endofherobrine:sheep":7},"minecraft:crafted":{"minecraft:wooden_sword":1,"minecraft:oak_planks":48,"minecraft:stone_shovel":1,"alexsmobs:cooked_lobster_tail":1,"minecraft:crafting_table":1,"minecraft:dried_kelp":59,"minecraft:wooden_pickaxe":1,"minecraft:birch_boat":1,"minecraft:furnace":1,"minecraft:birch_planks":24,"minecraft:stone_axe":1,"vtaw_mw:stone_katana":1,"minecraft:cooked_mutton":4,"travelersbackpack:white_sleeping_bag":1,"minecraft:iron_chestplate":1,"minecraft:shield":1,"minecraft:stick":28,"born_in_chaos_v1:fried_maggot":5,"minecraft:stone_pickaxe":1,"minecraft:wooden_axe":1,"vtaw_mw:stone_greatsword":1,"minecraft:stone_sword":2,"minecraft:torch":12},"minecraft:custom":{"minecraft:interact_with_furnace":31,"minecraft:mob_kills":42,"tombstone:raider_killed":8,"minecraft:interact_with_crafting_table":24,"minecraft:open_barrel":8,"minecraft:interact_with_campfire":8,"minecraft:damage_dealt_resisted":1626,"minecraft:leave_game":13,"minecraft:time_since_death":12762,"minecraft:sleep_in_bed":4,"minecraft:climb_one_cm":392,"minecraft:time_since_rest":12655,"minecraft:sprint_one_cm":154981,"minecraft:damage_taken":3422,"minecraft:walk_one_cm":350290,"minecraft:damage_blocked_by_shield":1145,"minecraft:drop":25,"minecraft:damage_dealt":7794,"minecraft:damage_dealt_absorbed":13,"minecraft:swim_one_cm":191604,"minecraft:fly_one_cm":184516,"minecraft:open_chest":5,"minecraft:crouch_one_cm":13620,"minecraft:play_time":194090,"tombstone:undead_killed":9,"minecraft:deaths":10,"minecraft:sneak_time":16655,"minecraft:walk_under_water_one_cm":75419,"minecraft:boat_one_cm":78975,"minecraft:jump":1629,"minecraft:walk_on_water_one_cm":111774,"minecraft:total_world_time":194090,"minecraft:fall_one_cm":24992},"minecraft:picked_up":{"minecraft:birch_log":48,"born_in_chaos_v1:corpse_maggot":5,"minecraft:crafting_table":10,"minecraft:brown_mushroom":10,"minecraft:birch_planks":18,"minecraft:oak_log":61,"minecraft:dirt":137,"minecraft:string":2,"minecraft:bone":3,"minecraft:apple":8,"graveyard:corruption":1,"minecraft:kelp":63,"minecraft:wheat_seeds":6,"dynamictrees:birch_seed":41,"minecraft:iron_ingot":1,"minecraft:rose_bush":2,"dynamictrees:oak_seed":17,"vtaw_mw:stone_greataxe":4,"minecraft:oak_planks":1,"minecraft:iron_boots":1,"minecraft:furnace":2,"minecraft:stick":143,"minecraft:cooked_porkchop":8,"minecraft:torch":8,"minecraft:porkchop":8,"tombstone:grave_dust":1,"minecraft:diorite":2,"minecraft:dark_oak_log":2,"travelersbackpack:white_sleeping_bag":7,"minecraft:rotten_flesh":7,"minecraft:stone_axe":1,"minecraft:chainmail_leggings":1,"knightquest:small_essence":1,"minecraft:oak_sapling":3,"alexsmobs:flying_fish":3,"alexsmobs:lobster_tail":1,"minecraft:mutton":4,"undead_revamp2:arapholia":3,"minecraft:coal":9,"minecraft:white_wool":4,"minecraft:cobblestone":79}},"DataVersion":3465}