{"stats":{"minecraft:used":{"alexsmobs:animal_dictionary":3,"minecraft:oak_sapling":1},"minecraft:picked_up":{"minecraft:oak_log":6,"minecraft:oak_sapling":1},"minecraft:mined":{"minecraft:oak_log":6},"minecraft:custom":{"minecraft:jump":9,"minecraft:time_since_rest":10859,"minecraft:leave_game":4,"minecraft:play_time":10859,"minecraft:sprint_one_cm":786,"minecraft:time_since_death":10859,"minecraft:walk_one_cm":2966,"minecraft:total_world_time":10859,"minecraft:fly_one_cm":918}},"DataVersion":3465}