{"stats":{"minecraft:mined":{"undead_revamp2:arapholia":1,"minecraft:mossy_cobblestone":2,"gravestone:gravestone":8,"minecraft:grass_block":28,"travelersbackpack:white_sleeping_bag":10,"steam_powered:tin_ore":97,"steam_powered:zinc_ore":63,"minecraft:tall_seagrass":1,"minecraft:furnace":2,"minecraft:iron_ore":10,"minecraft:andesite":12,"minecraft:potatoes":4,"minecraft:bamboo":1,"minecraft:stone":388,"minecraft:brown_mushroom":4,"minecraft:kelp_plant":12,"minecraft:crafting_table":13,"minecraft:torch":4,"minecraft:copper_ore":4,"minecraft:tall_grass":9,"minecraft:cobblestone":29,"minecraft:lapis_ore":1,"minecraft:oak_planks":1,"minecraft:diorite":3,"minecraft:wall_torch":4,"minecraft:pink_petals":1,"minecraft:seagrass":1,"minecraft:birch_planks":19,"minecraft:birch_log":6,"minecraft:grass":58,"minecraft:oak_log":27,"minecraft:coal_ore":57,"minecraft:dirt":102,"minecraft:cobweb":2,"minecraft:oak_leaves":3,"minecraft:fern":6},"minecraft:dropped":{"minecraft:wheat_seeds":2,"born_in_chaos_v1:fried_maggot":2,"minecraft:crafting_table":1,"minecraft:cobblestone":1,"minecraft:diorite":2,"minecraft:torch":1,"vtaw_mw:stone_greataxe":3,"minecraft:white_wool":1,"minecraft:bone":3,"minecraft:stone_axe":1,"undead_revamp2:arapholia":3,"minecraft:rotten_flesh":7,"minecraft:cooked_mutton":2,"minecraft:oak_sapling":2,"minecraft:wooden_pickaxe":1},"minecraft:used":{"vtaw_mw:stone_katana":86,"minecraft:stone_sword":133,"minecraft:stone_shovel":43,"minecraft:dried_kelp":56,"minecraft:chest":3,"minecraft:shield":54,"minecraft:stone_hoe":12,"born_in_chaos_v1:fried_maggot":3,"minecraft:iron_chestplate":1,"minecraft:torch":52,"minecraft:dirt":100,"minecraft:wooden_axe":37,"vtaw_mw:stone_greatsword":16,"alexsmobs:cooked_lobster_tail":1,"minecraft:furnace":4,"tombstone:gift":3,"minecraft:potato":145,"minecraft:cooked_mutton":2,"minecraft:water_bucket":18,"minecraft:birch_planks":19,"minecraft:stone_pickaxe":658,"minecraft:oak_planks":4,"minecraft:wooden_pickaxe":16,"minecraft:birch_boat":1,"minecraft:crafting_table":14,"minecraft:blast_furnace":1,"minecraft:campfire":1,"minecraft:smoker":1,"minecraft:oak_log":9,"minecraft:apple":1,"minecraft:bread":5,"travelersbackpack:white_sleeping_bag":11,"minecraft:stone_axe":84,"minecraft:wooden_sword":61,"minecraft:cobblestone":45,"vtaw_mw:stone_greataxe":141,"minecraft:cooked_porkchop":1,"minecraft:bucket":19,"minecraft:bone_meal":6},"minecraft:broken":{"minecraft:stone_sword":1,"minecraft:stone_pickaxe":5,"minecraft:wooden_sword":1},"minecraft:killed":{"born_in_chaos_v1:zombie_lumberjack":1,"born_in_chaos_v1:door_knight_not_despawn":1,"alexsmobs:raccoon":1,"born_in_chaos_v1:baby_skeleton_minion":1,"born_in_chaos_v1:maggot":2,"minecraft:skeleton":1,"minecraft:drowned":1,"arphex:spider_larvae_tiny":1,"minecraft:pig":4,"graveyard:ghoul":1,"minecraft:sheep":4,"minecraft:pillager":8,"minecraft:zombie":6,"born_in_chaos_v1:corpse_fly":5,"endofherobrine:sheep":7},"minecraft:custom":{"minecraft:mob_kills":47,"minecraft:interact_with_crafting_table":55,"minecraft:open_barrel":8,"minecraft:interact_with_campfire":9,"minecraft:damage_dealt_resisted":1626,"minecraft:leave_game":14,"minecraft:time_since_death":83806,"minecraft:climb_one_cm":392,"minecraft:sprint_one_cm":157313,"minecraft:walk_one_cm":460247,"minecraft:damage_blocked_by_shield":1255,"minecraft:drop":25,"minecraft:damage_dealt_absorbed":13,"minecraft:play_time":265134,"minecraft:deaths":10,"minecraft:sneak_time":17982,"minecraft:walk_under_water_one_cm":82290,"minecraft:boat_one_cm":78975,"minecraft:jump":2390,"minecraft:interact_with_blast_furnace":11,"minecraft:walk_on_water_one_cm":131508,"minecraft:total_world_time":265134,"minecraft:interact_with_furnace":49,"tombstone:raider_killed":8,"minecraft:sleep_in_bed":8,"minecraft:time_since_rest":562,"minecraft:damage_taken":3601,"minecraft:damage_dealt":8600,"minecraft:swim_one_cm":192743,"minecraft:fly_one_cm":186337,"minecraft:open_chest":34,"minecraft:crouch_one_cm":15749,"tombstone:undead_killed":12,"minecraft:interact_with_smoker":5,"minecraft:fall_one_cm":28701},"minecraft:crafted":{"minecraft:wooden_sword":1,"minecraft:smooth_stone":3,"minecraft:oak_planks":60,"minecraft:stone_shovel":1,"minecraft:birch_boat":1,"minecraft:furnace":4,"minecraft:blast_furnace":1,"minecraft:stone":3,"minecraft:bone_meal":6,"minecraft:cooked_mutton":4,"travelersbackpack:white_sleeping_bag":1,"born_in_chaos_v1:fried_maggot":5,"minecraft:stone_pickaxe":5,"minecraft:chest":3,"minecraft:stone_hoe":1,"minecraft:smoker":1,"alexsmobs:cooked_lobster_tail":1,"minecraft:crafting_table":1,"minecraft:dried_kelp":59,"minecraft:wooden_pickaxe":1,"steam_powered:tin_ingot":33,"minecraft:bucket":1,"minecraft:birch_planks":24,"minecraft:campfire":1,"minecraft:stone_axe":1,"vtaw_mw:stone_katana":1,"minecraft:iron_chestplate":1,"minecraft:shield":1,"minecraft:stick":28,"minecraft:iron_ingot":11,"minecraft:wooden_axe":1,"minecraft:stone_sword":2,"vtaw_mw:stone_greatsword":1,"minecraft:torch":72},"minecraft:picked_up":{"minecraft:crafting_table":14,"minecraft:brown_mushroom":10,"minecraft:enchanted_book":1,"minecraft:string":2,"minecraft:raw_copper":15,"graveyard:corruption":1,"steam_powered:raw_zinc":62,"minecraft:rose_bush":2,"dynamictrees:oak_seed":17,"vtaw_mw:stone_greataxe":4,"minecraft:iron_boots":1,"minecraft:furnace":2,"minecraft:stick":143,"minecraft:raw_iron":11,"minecraft:torch":15,"minecraft:porkchop":8,"tombstone:grave_dust":2,"minecraft:diorite":4,"minecraft:rotten_flesh":9,"minecraft:mutton":4,"minecraft:white_wool":4,"undead_revamp2:arapholia":3,"alexsmobs:lobster_tail":1,"alexsmobs:flying_fish":3,"minecraft:cobblestone":428,"minecraft:birch_log":48,"born_in_chaos_v1:corpse_maggot":6,"minecraft:andesite":12,"minecraft:potato":28,"minecraft:birch_planks":18,"minecraft:oak_log":61,"minecraft:dirt":139,"minecraft:bone":5,"minecraft:apple":8,"minecraft:kelp":63,"minecraft:wheat_seeds":6,"minecraft:iron_ingot":1,"dynamictrees:birch_seed":41,"minecraft:oak_planks":11,"minecraft:cooked_porkchop":8,"minecraft:dark_oak_log":2,"travelersbackpack:white_sleeping_bag":11,"minecraft:stone_axe":1,"minecraft:chainmail_leggings":1,"steam_powered:raw_tin":97,"knightquest:small_essence":1,"minecraft:baked_potato":31,"minecraft:oak_sapling":3,"minecraft:coal":58}},"DataVersion":3465}