{"stats":{"minecraft:used":{"alexsmobs:animal_dictionary":3,"minecraft:oak_sapling":1},"minecraft:custom":{"minecraft:jump":9,"minecraft:time_since_rest":5286,"minecraft:sprint_one_cm":786,"minecraft:leave_game":3,"minecraft:play_time":5286,"minecraft:time_since_death":5286,"minecraft:walk_one_cm":2966,"minecraft:total_world_time":5286,"minecraft:fly_one_cm":918},"minecraft:picked_up":{"minecraft:oak_log":6,"minecraft:oak_sapling":1},"minecraft:mined":{"minecraft:oak_log":6}},"DataVersion":3465}