{"stats":{"minecraft:mined":{"minecraft:oak_slab":2,"minecraft:kelp_plant":1,"minecraft:crafting_table":2,"minecraft:torch":4,"gravestone:gravestone":6,"minecraft:grass_block":16,"minecraft:potted_warped_roots":1,"minecraft:chest":2,"minecraft:tall_grass":1,"minecraft:oak_planks":1,"minecraft:wall_torch":5,"minecraft:spawner":3,"minecraft:tall_seagrass":2,"minecraft:furnace":2,"minecraft:grass":11,"minecraft:oak_log":17,"minecraft:sand":10,"minecraft:dirt":43,"minecraft:cobweb":7,"minecraft:stone":61,"minecraft:netherrack":1,"minecraft:oak_leaves":4,"minecraft:fern":2},"minecraft:custom":{"minecraft:interact_with_furnace":19,"minecraft:mob_kills":32,"minecraft:interact_with_crafting_table":17,"minecraft:open_barrel":17,"minecraft:damage_dealt_resisted":674,"minecraft:leave_game":5,"minecraft:time_since_death":52042,"minecraft:time_since_rest":50533,"minecraft:sprint_one_cm":153737,"minecraft:damage_taken":2491,"minecraft:walk_one_cm":149206,"minecraft:drop":21,"minecraft:damage_dealt":5606,"minecraft:swim_one_cm":136330,"minecraft:fly_one_cm":166247,"minecraft:open_chest":19,"minecraft:crouch_one_cm":569,"minecraft:deaths":6,"minecraft:play_time":137038,"tombstone:undead_killed":14,"minecraft:sneak_time":817,"minecraft:walk_under_water_one_cm":29021,"minecraft:boat_one_cm":34573,"minecraft:jump":1247,"minecraft:walk_on_water_one_cm":57473,"minecraft:total_world_time":137038,"minecraft:fall_one_cm":16325},"minecraft:crafted":{"minecraft:oak_door":3,"minecraft:oak_slab":6,"minecraft:oak_planks":72,"sophisticatedbackpacks:backpack":1,"vtaw_mw:wooden_rod":4,"minecraft:crafting_table":3,"minecraft:dried_kelp":4,"minecraft:wooden_pickaxe":1,"minecraft:cooked_chicken":1,"born_in_chaos_v1:nightmare_mantleofthe_night_boots":1,"minecraft:furnace":1,"minecraft:stone_axe":1,"minecraft:cooked_mutton":2,"vtaw_mw:wooden_greataxe":1,"vtaw_mw:stone_greataxe":4,"minecraft:charcoal":27,"minecraft:stick":8,"minecraft:torch":12},"minecraft:killed":{"alexsmobs:lobster":5,"born_in_chaos_v1:bonescaller":2,"alexsmobs:grizzly_bear":1,"undead_revamp2:the_moonflower":4,"arphex:roach_riverspawn":1,"alexsmobs:sugar_glider":1,"born_in_chaos_v1:baby_skeleton_minion":1,"born_in_chaos_v1:decrepit_skeleton":2,"born_in_chaos_v1:maggot":3,"minecraft:sheep":1,"minecraft:skeleton":2,"born_in_chaos_v1:zombie_fisherman":1,"minecraft:zombie":1,"minecraft:chicken":1,"born_in_chaos_v1:nightmare_stalker":1,"endofherobrine:sheep":2,"born_in_chaos_v1:door_knight":1,"arphex:butterfly_bewitcher":1,"alexsmobs:flying_fish":1},"minecraft:broken":{"vtaw_mw:wooden_greataxe":1,"minecraft:wooden_pickaxe":1},"minecraft:picked_up":{"minecraft:birch_log":31,"born_in_chaos_v1:staffof_magic_arrows":2,"minecraft:crafting_table":2,"minecraft:feather":1,"arphex:roach_nymph":1,"minecraft:chicken":1,"born_in_chaos_v1:spiritual_dust":1,"born_in_chaos_v1:seedof_chaos":1,"minecraft:brown_mushroom":6,"paraglider:spirit_orb":6,"minecraft:oak_log":18,"minecraft:dirt":73,"minecraft:lapis_lazuli":9,"minecraft:string":7,"minecraft:cooked_mutton":2,"born_in_chaos_v1:monster_skin":3,"minecraft:bone":10,"minecraft:apple":1,"minecraft:kelp":3,"minecraft:wheat_seeds":1,"minecraft:bucket":1,"born_in_chaos_v1:smoked_flesh":1,"dynamictrees:birch_seed":52,"arphex:burning_glands":1,"dynamictrees:oak_seed":1,"minecraft:oak_planks":1,"minecraft:chest":2,"minecraft:furnace":2,"minecraft:oak_slab":3,"minecraft:stick":79,"minecraft:torch":12,"born_in_chaos_v1:ethereal_spirit":1,"arphex:maggot_grub":2,"sophisticatedbackpacks:backpack":1,"minecraft:sand":30,"minecraft:dried_kelp":3,"tombstone:grave_dust":2,"born_in_chaos_v1:nightmare_claw":1,"born_in_chaos_v1:fried_maggot":2,"minecraft:arrow":1,"minecraft:rotten_flesh":17,"born_in_chaos_v1:rotten_fish":1,"tombstone:magic_scroll":1,"minecraft:oak_sapling":1,"alexsmobs:lobster_tail":2,"alexsmobs:flying_fish":3,"minecraft:mutton":2,"undead_revamp2:arapholia":1,"minecraft:white_wool":1,"minecraft:cobblestone":61},"minecraft:killed_by":{"arphex:centipede_evictor_larvae":1,"endofherobrine:sheep":1},"minecraft:dropped":{"minecraft:oak_slab":1,"minecraft:brown_mushroom":3,"arphex:maggot_grub":1,"minecraft:rotten_flesh":4,"born_in_chaos_v1:smoked_flesh":1,"sophisticatedbackpacks:backpack":1,"minecraft:dirt":1,"tombstone:grave_dust":2,"minecraft:sand":20,"born_in_chaos_v1:staffof_magic_arrows":1,"vtaw_mw:stone_greataxe":1,"minecraft:bone":3},"minecraft:used":{"minecraft:cooked_mutton":4,"minecraft:flint_and_steel":1,"minecraft:dried_kelp":7,"minecraft:oak_planks":27,"minecraft:chest":1,"minecraft:wooden_pickaxe":59,"minecraft:oak_door":1,"born_in_chaos_v1:fried_maggot":2,"minecraft:cooked_chicken":1,"minecraft:rotten_flesh":2,"minecraft:torch":13,"vtaw_mw:wooden_greataxe":53,"minecraft:dirt":32,"minecraft:oak_slab":7,"minecraft:crafting_table":5,"minecraft:golden_shovel":4,"minecraft:obsidian":2,"alexsmobs:flying_fish":3,"born_in_chaos_v1:smoked_flesh":2,"minecraft:apple":3,"alexsmobs:lobster_tail":2,"minecraft:iron_pickaxe":4,"born_in_chaos_v1:staffof_magic_arrows":6,"minecraft:stone_axe":11,"arphex:roach_nymph":1,"vtaw_mw:stone_greataxe":175,"minecraft:furnace":1,"born_in_chaos_v1:nightmare_mantleofthe_night_boots":1,"minecraft:bucket":1,"tombstone:gift":4,"undead_revamp2:arapholia":1,"alexsmobs:animal_dictionary":1,"minecraft:golden_pickaxe":5}},"DataVersion":3465}