{"stats":{"minecraft:used":{"minecraft:wooden_axe":2,"minecraft:apple":4,"minecraft:bread":1,"minecraft:spruce_sapling":1,"minecraft:rotten_flesh":2,"croptopia:blueberry":2,"minecraft:crafting_table":1,"croptopia:blackberry":1,"tombstone:gift":2,"alexsmobs:animal_dictionary":2,"croptopia:strawberry":1,"croptopia:cantaloupe":2,"croptopia:raspberry":1,"minecraft:spruce_log":3},"minecraft:picked_up":{"minecraft:stick":1,"minecraft:crafting_table":1,"croptopia:blackberry_seed":2,"croptopia:blackberry":1,"croptopia:hops":1,"minecraft:spruce_sapling":2,"minecraft:spruce_log":14,"minecraft:yellow_bed":1,"minecraft:grass_block":1,"croptopia:strawberry":1,"croptopia:blueberry_seed":3,"croptopia:cantaloupe":2,"croptopia:hops_seed":1,"croptopia:cantaloupe_seed":2,"minecraft:rotten_flesh":2,"croptopia:strawberry_seed":2,"minecraft:spruce_planks":33,"croptopia:raspberry_seed":2,"croptopia:raspberry":1,"croptopia:blueberry":2,"minecraft:ender_pearl":1},"minecraft:mined":{"croptopia:cantaloupe_crop":2,"minecraft:spruce_sapling":1,"croptopia:strawberry_crop":1,"minecraft:spruce_log":14,"minecraft:birch_leaves":5,"croptopia:blueberry_crop":1,"minecraft:yellow_bed":1,"minecraft:crafting_table":1,"biomesoplenty:bush":1,"minecraft:grass":2,"croptopia:hops_crop":1,"croptopia:blackberry_crop":1,"croptopia:raspberry_crop":1,"minecraft:spruce_leaves":16},"minecraft:custom":{"minecraft:time_since_rest":3888,"minecraft:sprint_one_cm":72437,"minecraft:damage_taken":2525,"minecraft:walk_one_cm":54427,"minecraft:interact_with_crafting_table":1,"minecraft:fly_one_cm":70453,"minecraft:open_chest":1,"minecraft:play_time":27417,"minecraft:deaths":1,"minecraft:sneak_time":13,"minecraft:walk_under_water_one_cm":1052,"minecraft:jump":396,"minecraft:leave_game":1,"minecraft:walk_on_water_one_cm":4312,"minecraft:time_since_death":21306,"minecraft:sleep_in_bed":1,"minecraft:total_world_time":27417,"minecraft:fall_one_cm":10479,"minecraft:horse_one_cm":2862},"minecraft:crafted":{"minecraft:crafting_table":1,"minecraft:spruce_planks":44,"minecraft:stick":4,"minecraft:wooden_axe":1}},"DataVersion":3465}