{"stats":{"minecraft:killed_by":{"endofherobrine:sheep":1,"arphex:centipede_evictor_larvae":1},"minecraft:mined":{"undead_revamp2:arapholia":1,"minecraft:oak_door":2,"gravestone:gravestone":8,"minecraft:grass_block":17,"minecraft:spawner":3,"minecraft:tall_seagrass":2,"minecraft:furnace":2,"minecraft:stone":132,"minecraft:oak_slab":2,"minecraft:kelp_plant":1,"minecraft:crafting_table":2,"minecraft:torch":4,"minecraft:potted_warped_roots":1,"minecraft:chest":2,"minecraft:cobblestone":2,"minecraft:tall_grass":9,"minecraft:oak_planks":3,"minecraft:wall_torch":6,"minecraft:cobblestone_wall":4,"minecraft:grass":95,"minecraft:oak_log":17,"minecraft:sand":14,"minecraft:dirt":44,"minecraft:cobweb":7,"minecraft:netherrack":1,"minecraft:oak_leaves":4,"minecraft:fern":2},"minecraft:dropped":{"minecraft:oak_slab":1,"minecraft:brown_mushroom":3,"arphex:maggot_grub":1,"minecraft:dirt":1,"tombstone:grave_key":1,"tombstone:grave_dust":2,"minecraft:sand":20,"born_in_chaos_v1:staffof_magic_arrows":1,"vtaw_mw:stone_greataxe":1,"minecraft:bone":3,"born_in_chaos_v1:rotten_fish":1,"minecraft:rotten_flesh":4,"born_in_chaos_v1:smoked_flesh":1,"sophisticatedbackpacks:backpack":1},"minecraft:used":{"minecraft:oak_fence":6,"minecraft:flint_and_steel":1,"minecraft:dried_kelp":7,"minecraft:chest":1,"minecraft:stone_hoe":18,"born_in_chaos_v1:fried_maggot":2,"minecraft:cooked_chicken":1,"minecraft:rotten_flesh":2,"minecraft:oak_door":5,"minecraft:torch":14,"minecraft:dirt":32,"minecraft:chainmail_chestplate":1,"minecraft:cobblestone_wall":4,"minecraft:golden_shovel":4,"minecraft:obsidian":2,"born_in_chaos_v1:smoked_flesh":2,"alexsmobs:lobster_tail":2,"minecraft:furnace":1,"tombstone:gift":4,"undead_revamp2:arapholia":1,"born_in_chaos_v1:nightmare_mantleofthe_night_boots":1,"minecraft:wheat_seeds":4,"minecraft:cooked_mutton":4,"minecraft:oak_planks":29,"minecraft:wooden_pickaxe":59,"minecraft:cobblestone_slab":6,"vtaw_mw:wooden_greataxe":53,"minecraft:sand":14,"minecraft:oak_slab":7,"minecraft:crafting_table":6,"alexsmobs:flying_fish":3,"minecraft:apple":3,"minecraft:iron_pickaxe":82,"born_in_chaos_v1:staffof_magic_arrows":6,"minecraft:stone_axe":13,"arphex:roach_nymph":1,"minecraft:cobblestone":13,"vtaw_mw:stone_greataxe":180,"minecraft:chainmail_boots":1,"minecraft:bucket":1,"alexsmobs:animal_dictionary":1,"minecraft:golden_pickaxe":5},"minecraft:broken":{"minecraft:wooden_pickaxe":1,"vtaw_mw:wooden_greataxe":1},"minecraft:killed":{"alexsmobs:lobster":5,"minecraft:spider":1,"arphex:roach_riverspawn":1,"alexsmobs:seagull":1,"alexsmobs:sugar_glider":1,"born_in_chaos_v1:baby_skeleton_minion":1,"born_in_chaos_v1:maggot":4,"minecraft:skeleton":2,"minecraft:chicken":1,"arphex:butterfly_bewitcher":1,"alexsmobs:flying_fish":1,"born_in_chaos_v1:bonescaller":2,"alexsmobs:grizzly_bear":1,"undead_revamp2:the_moonflower":4,"born_in_chaos_v1:decrepit_skeleton":2,"minecraft:sheep":1,"born_in_chaos_v1:bloody_gadfly":1,"born_in_chaos_v1:zombie_fisherman":1,"minecraft:zombie":1,"born_in_chaos_v1:nightmare_stalker":1,"endofherobrine:sheep":2,"born_in_chaos_v1:door_knight":1},"minecraft:custom":{"minecraft:mob_kills":36,"minecraft:interact_with_crafting_table":20,"minecraft:open_barrel":17,"minecraft:interact_with_campfire":3,"minecraft:damage_dealt_resisted":680,"minecraft:leave_game":6,"minecraft:time_since_death":16,"minecraft:sprint_one_cm":186347,"minecraft:walk_one_cm":196867,"minecraft:drop":23,"minecraft:play_time":180663,"minecraft:deaths":12,"minecraft:sneak_time":1994,"minecraft:walk_under_water_one_cm":43169,"minecraft:boat_one_cm":34573,"minecraft:jump":1575,"minecraft:walk_on_water_one_cm":91021,"minecraft:total_world_time":180663,"minecraft:interact_with_furnace":19,"minecraft:time_since_rest":1,"minecraft:damage_taken":4151,"minecraft:damage_dealt":6385,"minecraft:swim_one_cm":241755,"minecraft:fly_one_cm":212164,"minecraft:open_chest":19,"minecraft:crouch_one_cm":1046,"tombstone:undead_killed":14,"minecraft:fall_one_cm":20187},"minecraft:crafted":{"minecraft:oak_door":3,"minecraft:oak_planks":72,"minecraft:cobblestone_slab":6,"minecraft:cooked_chicken":1,"born_in_chaos_v1:nightmare_mantleofthe_night_boots":1,"minecraft:furnace":1,"minecraft:cooked_mutton":2,"vtaw_mw:wooden_greataxe":1,"minecraft:cobblestone_wall":12,"minecraft:dark_oak_planks":8,"minecraft:stone_hoe":1,"minecraft:oak_fence":6,"minecraft:oak_slab":6,"sophisticatedbackpacks:backpack":1,"vtaw_mw:wooden_rod":4,"minecraft:crafting_table":4,"minecraft:dried_kelp":4,"minecraft:wooden_pickaxe":1,"minecraft:stone_axe":1,"vtaw_mw:stone_greataxe":4,"minecraft:charcoal":27,"minecraft:stick":8,"minecraft:torch":12},"minecraft:picked_up":{"minecraft:crafting_table":2,"minecraft:chainmail_boots":1,"arphex:roach_nymph":1,"minecraft:chicken":1,"born_in_chaos_v1:seedof_chaos":1,"minecraft:brown_mushroom":6,"minecraft:string":8,"minecraft:bucket":1,"dynamictrees:oak_seed":2,"minecraft:chest":2,"minecraft:furnace":2,"minecraft:stick":79,"minecraft:oak_door":2,"minecraft:torch":13,"arphex:maggot_grub":2,"sophisticatedbackpacks:backpack":1,"minecraft:dried_kelp":3,"tombstone:grave_dust":2,"born_in_chaos_v1:nightmare_claw":1,"born_in_chaos_v1:fried_maggot":2,"minecraft:arrow":2,"minecraft:rotten_flesh":17,"minecraft:mutton":2,"minecraft:white_wool":1,"undead_revamp2:arapholia":1,"alexsmobs:lobster_tail":2,"alexsmobs:flying_fish":3,"minecraft:cobblestone":133,"born_in_chaos_v1:fused_bone":3,"minecraft:birch_log":31,"born_in_chaos_v1:corpse_maggot":4,"born_in_chaos_v1:staffof_magic_arrows":2,"minecraft:feather":2,"born_in_chaos_v1:spiritual_dust":1,"paraglider:spirit_orb":6,"minecraft:oak_log":18,"minecraft:chainmail_chestplate":1,"minecraft:cobblestone_wall":4,"minecraft:lapis_lazuli":9,"minecraft:dirt":91,"born_in_chaos_v1:monster_skin":3,"minecraft:cooked_mutton":2,"minecraft:bone":14,"minecraft:apple":1,"minecraft:kelp":3,"minecraft:bow":1,"minecraft:wheat_seeds":19,"born_in_chaos_v1:smoked_flesh":1,"dynamictrees:birch_seed":52,"arphex:burning_glands":1,"minecraft:oak_planks":3,"minecraft:oak_slab":3,"born_in_chaos_v1:ethereal_spirit":1,"minecraft:sand":34,"knightquest:small_essence":1,"minecraft:oak_sapling":1,"minecraft:baked_potato":3,"tombstone:magic_scroll":1,"born_in_chaos_v1:rotten_fish":2}},"DataVersion":3465}