{"stats":{"minecraft:mined":{"minecraft:oak_slab":2,"minecraft:torch":3,"gravestone:gravestone":6,"minecraft:grass_block":16,"minecraft:chest":1,"minecraft:tall_grass":1,"minecraft:wall_torch":4,"minecraft:tall_seagrass":2,"minecraft:grass":9,"minecraft:oak_log":17,"minecraft:sand":10,"minecraft:dirt":43,"minecraft:stone":59,"minecraft:netherrack":1,"minecraft:oak_leaves":4,"minecraft:fern":2},"minecraft:custom":{"minecraft:interact_with_furnace":17,"minecraft:mob_kills":29,"minecraft:interact_with_crafting_table":11,"minecraft:damage_dealt_resisted":648,"minecraft:leave_game":4,"minecraft:time_since_death":17093,"minecraft:time_since_rest":15584,"minecraft:sprint_one_cm":110609,"minecraft:damage_taken":2223,"minecraft:walk_one_cm":99916,"minecraft:drop":9,"minecraft:damage_dealt":4805,"minecraft:swim_one_cm":100315,"minecraft:fly_one_cm":114078,"minecraft:open_chest":5,"minecraft:crouch_one_cm":569,"minecraft:deaths":6,"minecraft:play_time":102089,"tombstone:undead_killed":12,"minecraft:sneak_time":790,"minecraft:walk_under_water_one_cm":24561,"minecraft:boat_one_cm":34573,"minecraft:jump":952,"minecraft:walk_on_water_one_cm":52272,"minecraft:total_world_time":102089,"minecraft:fall_one_cm":10451},"minecraft:crafted":{"minecraft:oak_slab":6,"minecraft:oak_planks":72,"vtaw_mw:wooden_rod":4,"minecraft:crafting_table":2,"minecraft:dried_kelp":4,"minecraft:wooden_pickaxe":1,"minecraft:cooked_chicken":1,"minecraft:furnace":1,"minecraft:stone_axe":1,"minecraft:cooked_mutton":2,"vtaw_mw:wooden_greataxe":1,"vtaw_mw:stone_greataxe":4,"minecraft:charcoal":27,"minecraft:stick":8,"minecraft:torch":8},"minecraft:killed":{"alexsmobs:lobster":5,"born_in_chaos_v1:bonescaller":2,"alexsmobs:grizzly_bear":1,"undead_revamp2:the_moonflower":4,"arphex:roach_riverspawn":1,"born_in_chaos_v1:baby_skeleton_minion":1,"born_in_chaos_v1:maggot":3,"minecraft:sheep":1,"minecraft:skeleton":2,"born_in_chaos_v1:zombie_fisherman":1,"minecraft:zombie":1,"minecraft:chicken":1,"born_in_chaos_v1:nightmare_stalker":1,"endofherobrine:sheep":2,"born_in_chaos_v1:door_knight":1,"arphex:butterfly_bewitcher":1,"alexsmobs:flying_fish":1},"minecraft:broken":{"vtaw_mw:wooden_greataxe":1,"minecraft:wooden_pickaxe":1},"minecraft:picked_up":{"minecraft:birch_log":31,"born_in_chaos_v1:staffof_magic_arrows":2,"minecraft:feather":1,"arphex:roach_nymph":1,"minecraft:chicken":1,"born_in_chaos_v1:spiritual_dust":1,"born_in_chaos_v1:seedof_chaos":1,"minecraft:oak_log":18,"minecraft:lapis_lazuli":9,"minecraft:dirt":73,"born_in_chaos_v1:monster_skin":3,"minecraft:cooked_mutton":2,"minecraft:bone":7,"minecraft:apple":1,"minecraft:wheat_seeds":1,"minecraft:bucket":1,"dynamictrees:birch_seed":39,"dynamictrees:oak_seed":1,"minecraft:chest":1,"minecraft:oak_slab":3,"minecraft:stick":79,"minecraft:torch":7,"born_in_chaos_v1:ethereal_spirit":1,"minecraft:sand":10,"tombstone:grave_dust":2,"born_in_chaos_v1:nightmare_claw":1,"born_in_chaos_v1:fried_maggot":2,"minecraft:arrow":1,"minecraft:rotten_flesh":5,"born_in_chaos_v1:rotten_fish":1,"tombstone:magic_scroll":1,"minecraft:oak_sapling":1,"alexsmobs:lobster_tail":2,"alexsmobs:flying_fish":2,"minecraft:mutton":2,"undead_revamp2:arapholia":1,"minecraft:white_wool":1,"minecraft:cobblestone":59},"minecraft:killed_by":{"arphex:centipede_evictor_larvae":1,"endofherobrine:sheep":1},"minecraft:dropped":{"minecraft:oak_slab":1,"minecraft:dirt":1,"tombstone:grave_dust":2,"born_in_chaos_v1:staffof_magic_arrows":1,"vtaw_mw:stone_greataxe":1,"minecraft:bone":3},"minecraft:used":{"minecraft:cooked_mutton":4,"minecraft:flint_and_steel":1,"minecraft:dried_kelp":4,"minecraft:chest":1,"minecraft:wooden_pickaxe":59,"born_in_chaos_v1:fried_maggot":2,"minecraft:cooked_chicken":1,"minecraft:rotten_flesh":2,"minecraft:torch":9,"vtaw_mw:wooden_greataxe":53,"minecraft:dirt":32,"minecraft:oak_slab":7,"minecraft:crafting_table":2,"minecraft:golden_shovel":4,"minecraft:obsidian":2,"alexsmobs:flying_fish":1,"minecraft:apple":1,"alexsmobs:lobster_tail":2,"born_in_chaos_v1:staffof_magic_arrows":6,"minecraft:stone_axe":8,"vtaw_mw:stone_greataxe":138,"minecraft:furnace":1,"minecraft:bucket":1,"tombstone:gift":4,"undead_revamp2:arapholia":1,"alexsmobs:animal_dictionary":1,"minecraft:golden_pickaxe":2}},"DataVersion":3465}