{"stats":{"minecraft:killed_by":{"minecraft:spider":1},"minecraft:mined":{"minecraft:birch_planks":6,"dynamictrees:oak_leaves":21,"minecraft:birch_log":16,"minecraft:birch_leaves":6,"minecraft:crafting_table":7,"gravestone:gravestone":2,"minecraft:grass":5,"minecraft:oak_log":54,"minecraft:oak_planks":21,"minecraft:sugar_cane":1,"minecraft:oak_leaves":22},"minecraft:used":{"minecraft:oak_log":4,"minecraft:wooden_axe":88,"minecraft:birch_planks":6,"minecraft:birch_sapling":3,"minecraft:oak_planks":21,"minecraft:birch_boat":2,"minecraft:wooden_sword":9,"minecraft:crafting_table":7,"minecraft:oak_sapling":1,"tombstone:gift":2,"alexsmobs:animal_dictionary":2},"minecraft:killed":{"alexsmobs:lobster":1,"born_in_chaos_v1:corpse_fish":2,"steam_powered:giant_crab":1,"born_in_chaos_v1:decrepit_skeleton":1},"minecraft:crafted":{"minecraft:wooden_sword":3,"minecraft:oak_planks":64,"minecraft:crafting_table":5,"minecraft:stick":16,"minecraft:birch_boat":2,"minecraft:wooden_axe":4,"minecraft:birch_planks":60},"minecraft:custom":{"minecraft:time_since_rest":7808,"minecraft:sprint_one_cm":54107,"minecraft:damage_taken":1929,"minecraft:walk_one_cm":139412,"minecraft:mob_kills":5,"minecraft:damage_dealt":749,"minecraft:swim_one_cm":32241,"minecraft:interact_with_crafting_table":11,"minecraft:fly_one_cm":6562,"minecraft:crouch_one_cm":2979,"minecraft:play_time":51148,"tombstone:undead_killed":1,"minecraft:deaths":6,"minecraft:sneak_time":5869,"minecraft:walk_under_water_one_cm":27918,"minecraft:boat_one_cm":90450,"minecraft:jump":185,"minecraft:leave_game":1,"minecraft:time_since_death":7958,"minecraft:walk_on_water_one_cm":25571,"minecraft:total_world_time":51148,"minecraft:fall_one_cm":1492},"minecraft:picked_up":{"born_in_chaos_v1:fused_bone":1,"minecraft:birch_log":16,"minecraft:stick":20,"minecraft:crafting_table":7,"minecraft:birch_boat":2,"minecraft:birch_planks":5,"minecraft:oak_log":54,"tombstone:grave_key":1,"minecraft:gunpowder":1,"minecraft:bone":2,"minecraft:apple":2,"dynamictrees:oak_seed":1,"born_in_chaos_v1:rotten_fish":1,"minecraft:oak_sapling":9,"minecraft:sugar_cane":2,"minecraft:birch_sapling":4,"minecraft:oak_planks":18,"born_in_chaos_v1:staffof_magic_arrows":1}},"DataVersion":3465}