{"stats":{"minecraft:mined":{"minecraft:birch_log":6,"minecraft:oak_log":4,"minecraft:crafting_table":1},"minecraft:used":{"minecraft:wooden_axe":5,"minecraft:crafting_table":1},"minecraft:crafted":{"minecraft:birch_planks":24,"minecraft:wooden_sword":1,"minecraft:crafting_table":1,"minecraft:stick":8,"minecraft:wooden_axe":1},"minecraft:custom":{"minecraft:time_since_rest":4799,"minecraft:damage_dealt":10,"minecraft:crouch_one_cm":468,"minecraft:play_time":4799,"minecraft:time_since_death":4799,"minecraft:walk_one_cm":14849,"minecraft:sneak_time":45,"minecraft:total_world_time":4799,"minecraft:interact_with_crafting_table":2,"minecraft:jump":5},"minecraft:picked_up":{"minecraft:birch_log":6,"minecraft:crafting_table":1,"minecraft:oak_log":3}},"DataVersion":3465}