{"stats":{"minecraft:killed_by":{"minecraft:spider":1},"minecraft:mined":{"minecraft:birch_log":12,"minecraft:birch_leaves":2,"minecraft:crafting_table":1,"minecraft:oak_log":15,"minecraft:sugar_cane":1,"minecraft:oak_leaves":6},"minecraft:used":{"minecraft:wooden_axe":7,"minecraft:oak_planks":3,"minecraft:birch_boat":1,"minecraft:crafting_table":2,"alexsmobs:animal_dictionary":2},"minecraft:killed":{"born_in_chaos_v1:decrepit_skeleton":1},"minecraft:crafted":{"minecraft:wooden_sword":1,"minecraft:oak_planks":20,"minecraft:crafting_table":1,"minecraft:stick":8,"minecraft:birch_boat":1,"minecraft:wooden_axe":1,"minecraft:birch_planks":44},"minecraft:custom":{"minecraft:time_since_rest":0,"minecraft:sprint_one_cm":3901,"minecraft:damage_taken":1225,"minecraft:walk_one_cm":60444,"minecraft:mob_kills":1,"minecraft:damage_dealt":182,"minecraft:interact_with_crafting_table":5,"minecraft:fly_one_cm":1292,"minecraft:crouch_one_cm":1651,"minecraft:play_time":15340,"tombstone:undead_killed":1,"minecraft:deaths":4,"minecraft:sneak_time":223,"minecraft:walk_under_water_one_cm":18118,"minecraft:boat_one_cm":38790,"minecraft:jump":77,"minecraft:leave_game":1,"minecraft:time_since_death":0,"minecraft:walk_on_water_one_cm":3947,"minecraft:total_world_time":15340,"minecraft:fall_one_cm":484},"minecraft:picked_up":{"minecraft:birch_log":12,"minecraft:stick":4,"minecraft:crafting_table":1,"minecraft:birch_boat":1,"minecraft:oak_log":15,"minecraft:oak_sapling":1,"minecraft:sugar_cane":2,"minecraft:birch_sapling":2}},"DataVersion":3465}