{"stats":{"minecraft:killed_by":{"minecraft:spider":1},"minecraft:mined":{"dynamictrees:oak_leaves":21,"minecraft:birch_log":12,"minecraft:birch_leaves":2,"minecraft:crafting_table":2,"gravestone:gravestone":1,"minecraft:grass":3,"minecraft:oak_log":15,"minecraft:sugar_cane":1,"minecraft:oak_leaves":6},"minecraft:used":{"minecraft:oak_log":4,"minecraft:wooden_axe":8,"minecraft:birch_sapling":3,"minecraft:oak_planks":3,"minecraft:birch_boat":1,"minecraft:wooden_sword":8,"minecraft:crafting_table":3,"minecraft:oak_sapling":1,"tombstone:gift":2,"alexsmobs:animal_dictionary":2},"minecraft:killed":{"alexsmobs:lobster":1,"born_in_chaos_v1:corpse_fish":2,"born_in_chaos_v1:decrepit_skeleton":1},"minecraft:crafted":{"minecraft:wooden_sword":2,"minecraft:oak_planks":20,"minecraft:crafting_table":2,"minecraft:stick":12,"minecraft:birch_boat":1,"minecraft:wooden_axe":2,"minecraft:birch_planks":44},"minecraft:custom":{"minecraft:time_since_rest":11121,"minecraft:sprint_one_cm":24608,"minecraft:damage_taken":1595,"minecraft:walk_one_cm":89955,"minecraft:mob_kills":4,"minecraft:damage_dealt":630,"minecraft:swim_one_cm":32241,"minecraft:interact_with_crafting_table":6,"minecraft:fly_one_cm":3618,"minecraft:crouch_one_cm":2101,"minecraft:play_time":27148,"tombstone:undead_killed":1,"minecraft:deaths":4,"minecraft:sneak_time":399,"minecraft:walk_under_water_one_cm":27918,"minecraft:boat_one_cm":38790,"minecraft:jump":128,"minecraft:leave_game":1,"minecraft:time_since_death":11663,"minecraft:walk_on_water_one_cm":24412,"minecraft:total_world_time":27148,"minecraft:fall_one_cm":819},"minecraft:picked_up":{"born_in_chaos_v1:fused_bone":1,"minecraft:birch_log":12,"minecraft:stick":9,"minecraft:crafting_table":2,"minecraft:birch_boat":1,"minecraft:oak_log":15,"tombstone:grave_key":1,"minecraft:gunpowder":1,"dynamictrees:oak_seed":1,"born_in_chaos_v1:rotten_fish":1,"minecraft:oak_sapling":1,"minecraft:sugar_cane":2,"minecraft:birch_sapling":3}},"DataVersion":3465}