{"stats":{"minecraft:killed_by":{"minecraft:spider":1},"minecraft:mined":{"dynamictrees:oak_leaves":21,"minecraft:birch_log":16,"minecraft:birch_leaves":5,"minecraft:crafting_table":3,"gravestone:gravestone":2,"minecraft:grass":3,"minecraft:oak_log":21,"minecraft:oak_planks":5,"minecraft:sugar_cane":1,"minecraft:oak_leaves":7},"minecraft:used":{"minecraft:oak_log":4,"minecraft:wooden_axe":21,"minecraft:birch_planks":6,"minecraft:birch_sapling":3,"minecraft:oak_planks":21,"minecraft:birch_boat":1,"minecraft:wooden_sword":8,"minecraft:crafting_table":4,"minecraft:oak_sapling":1,"tombstone:gift":2,"alexsmobs:animal_dictionary":2},"minecraft:killed":{"alexsmobs:lobster":1,"born_in_chaos_v1:corpse_fish":2,"steam_powered:giant_crab":1,"born_in_chaos_v1:decrepit_skeleton":1},"minecraft:crafted":{"minecraft:wooden_sword":3,"minecraft:oak_planks":44,"minecraft:crafting_table":3,"minecraft:stick":16,"minecraft:birch_boat":1,"minecraft:wooden_axe":3,"minecraft:birch_planks":60},"minecraft:custom":{"minecraft:time_since_rest":11336,"minecraft:sprint_one_cm":37581,"minecraft:damage_taken":1645,"minecraft:walk_one_cm":112367,"minecraft:mob_kills":5,"minecraft:damage_dealt":730,"minecraft:swim_one_cm":32241,"minecraft:interact_with_crafting_table":8,"minecraft:fly_one_cm":4859,"minecraft:crouch_one_cm":2550,"minecraft:play_time":39148,"tombstone:undead_killed":1,"minecraft:deaths":5,"minecraft:sneak_time":4650,"minecraft:walk_under_water_one_cm":27918,"minecraft:boat_one_cm":38790,"minecraft:jump":147,"minecraft:leave_game":1,"minecraft:time_since_death":11601,"minecraft:walk_on_water_one_cm":24412,"minecraft:total_world_time":39148,"minecraft:fall_one_cm":819},"minecraft:picked_up":{"born_in_chaos_v1:fused_bone":1,"minecraft:birch_log":16,"minecraft:stick":14,"minecraft:crafting_table":3,"minecraft:birch_boat":1,"minecraft:oak_log":21,"tombstone:grave_key":1,"minecraft:gunpowder":1,"dynamictrees:oak_seed":1,"born_in_chaos_v1:rotten_fish":1,"minecraft:oak_sapling":2,"minecraft:sugar_cane":2,"minecraft:birch_sapling":4,"minecraft:oak_planks":5}},"DataVersion":3465}