{"stats":{"minecraft:killed_by":{"minecraft:spider":1},"minecraft:mined":{"minecraft:birch_planks":6,"dynamictrees:oak_leaves":21,"minecraft:birch_log":18,"minecraft:birch_leaves":6,"minecraft:crafting_table":7,"gravestone:gravestone":2,"minecraft:grass":15,"minecraft:oak_log":62,"minecraft:oak_planks":21,"minecraft:sugar_cane":1,"minecraft:oak_leaves":25},"minecraft:used":{"minecraft:oak_log":4,"minecraft:wooden_axe":88,"minecraft:apple":1,"minecraft:birch_planks":6,"minecraft:birch_sapling":3,"minecraft:oak_planks":21,"minecraft:birch_boat":2,"minecraft:wooden_sword":18,"minecraft:crafting_table":7,"minecraft:oak_sapling":1,"tombstone:gift":2,"alexsmobs:animal_dictionary":2},"minecraft:killed":{"alexsmobs:lobster":1,"born_in_chaos_v1:corpse_fish":2,"steam_powered:giant_crab":1,"undead_revamp2:theswarmer":1,"born_in_chaos_v1:decrepit_skeleton":1},"minecraft:crafted":{"minecraft:wooden_sword":3,"minecraft:oak_planks":64,"minecraft:crafting_table":5,"minecraft:stick":16,"minecraft:birch_boat":2,"minecraft:wooden_axe":4,"minecraft:birch_planks":60},"minecraft:custom":{"minecraft:time_since_rest":42,"minecraft:sprint_one_cm":78127,"minecraft:damage_taken":2419,"minecraft:walk_one_cm":168005,"minecraft:mob_kills":6,"minecraft:damage_dealt":1264,"minecraft:swim_one_cm":32241,"minecraft:interact_with_crafting_table":11,"minecraft:fly_one_cm":13093,"minecraft:crouch_one_cm":3142,"minecraft:play_time":60125,"tombstone:undead_killed":2,"minecraft:deaths":8,"minecraft:sneak_time":5892,"minecraft:walk_under_water_one_cm":29048,"minecraft:boat_one_cm":90450,"minecraft:damage_dealt_resisted":2,"minecraft:jump":266,"minecraft:leave_game":2,"minecraft:time_since_death":171,"minecraft:walk_on_water_one_cm":30116,"minecraft:total_world_time":60125,"minecraft:fall_one_cm":4205},"minecraft:picked_up":{"born_in_chaos_v1:fused_bone":1,"minecraft:birch_log":18,"minecraft:stick":20,"minecraft:crafting_table":7,"minecraft:birch_boat":2,"minecraft:birch_planks":5,"minecraft:oak_log":62,"tombstone:grave_key":1,"minecraft:gunpowder":1,"minecraft:rotten_flesh":1,"minecraft:bone":2,"minecraft:apple":2,"minecraft:wheat_seeds":2,"dynamictrees:oak_seed":1,"born_in_chaos_v1:rotten_fish":1,"minecraft:oak_sapling":11,"minecraft:sugar_cane":2,"minecraft:birch_sapling":4,"minecraft:oak_planks":18,"born_in_chaos_v1:staffof_magic_arrows":1}},"DataVersion":3465}