[
  {
    "uuid": "a03f03e1-dfaa-3482-9243-0fa5f0cd44bd",
    "displayName": {
      "insertion": "meliodas3233",
      "clickEvent": {
        "action": "suggest_command",
        "value": "/tell meliodas3233 "
      },
      "hoverEvent": {
        "action": "show_entity",
        "contents": {
          "type": "minecraft:player",
          "id": "a03f03e1-dfaa-3482-9243-0fa5f0cd44bd",
          "name": {
            "text": "meliodas3233"
          }
        }
      },
      "extra": [
        {
          "text": "meliodas3233"
        }
      ],
      "text": ""
    },
    "animation": "null"
  },
  {
    "uuid": "b45a9821-6fe9-3790-94b9-71fd00a7057d",
    "displayName": {
      "insertion": "OneAaron519",
      "clickEvent": {
        "action": "suggest_command",
        "value": "/tell OneAaron519 "
      },
      "hoverEvent": {
        "action": "show_entity",
        "contents": {
          "type": "minecraft:player",
          "id": "b45a9821-6fe9-3790-94b9-71fd00a7057d",
          "name": {
            "text": "OneAaron519"
          }
        }
      },
      "extra": [
        {
          "text": "OneAaron519"
        }
      ],
      "text": ""
    },
    "animation": "null"
  }
]