[
  {
    "uuid": "a03f03e1-dfaa-3482-9243-0fa5f0cd44bd",
    "displayName": {
      "insertion": "meliodas3233",
      "clickEvent": {
        "action": "suggest_command",
        "value": "/tell meliodas3233 "
      },
      "hoverEvent": {
        "action": "show_entity",
        "contents": {
          "type": "minecraft:player",
          "id": "a03f03e1-dfaa-3482-9243-0fa5f0cd44bd",
          "name": {
            "text": "meliodas3233"
          }
        }
      },
      "extra": [
        {
          "text": "meliodas3233"
        }
      ],
      "text": ""
    },
    "animation": "null"
  }
]